{"name":"544df46c-25ca-4769-84ec-90f7ebaf5e08","id":"/providers/Microsoft.Flow/flows/544df46c-25ca-4769-84ec-90f7ebaf5e08","type":"Microsoft.Flow/flows","properties":{"apiId":"/providers/Microsoft.PowerApps/apis/shared_logicflows","displayName":"Expressions Demo","definition":{"metadata":{"workflowEntityId":null,"processAdvisorMetadata":null,"flowChargedByPaygo":null,"flowclientsuspensionreason":"None","flowclientsuspensiontime":null,"flowclientsuspensionreasondetails":null,"creator":{"id":"41c4abcf-d802-4748-bdba-7cf654d524d6","type":"User","tenantId":"31f70b19-29bb-4961-8b3f-91ce978adb01"},"provisioningMethod":"FromDefinition","failureAlertSubscription":true,"clientLastModifiedTime":"2024-08-15T10:52:09.9873465Z","connectionKeySavedTimeKey":"2024-08-15T10:52:09.9873465Z"},"$schema":"https://schema.management.azure.com/providers/Microsoft.Logic/schemas/2016-06-01/workflowdefinition.json#","contentVersion":"1.0.0.0","parameters":{"$authentication":{"defaultValue":{},"type":"SecureObject"}},"triggers":{"manual":{"metadata":{"operationMetadataId":"f80ab7cd-c47c-4c2f-b13e-264ebd851401"},"type":"Request","kind":"Button","inputs":{"schema":{"type":"object","properties":{},"required":[]}}}},"actions":{"Declared_First_Name":{"runAfter":{},"metadata":{"operationMetadataId":"dcb6bf88-3552-4299-b589-baa4d2a6b64a"},"type":"InitializeVariable","inputs":{"variables":[{"name":"First Name","type":"string"}]}},"Declared_Last_Name":{"runAfter":{"Declared_First_Name":["Succeeded"]},"metadata":{"operationMetadataId":"9ab6a00d-3198-4875-957d-b03820248718"},"type":"InitializeVariable","inputs":{"variables":[{"name":"Last Name","type":"string"}]}},"Initialize_Full_Name":{"runAfter":{"Declared_Last_Name":["Succeeded"]},"metadata":{"operationMetadataId":"6ac92659-4608-4356-93c1-084b1d4cb1de"},"type":"InitializeVariable","inputs":{"variables":[{"name":"Full Name","type":"string"}]}},"Initialize_variable_2":{"runAfter":{"Initialize_Full_Name":["Succeeded"]},"metadata":{"operationMetadataId":"abcc407c-012c-4611-b72e-ff90c53c4256"},"type":"InitializeVariable","inputs":{"variables":[{"name":"Last Split","type":"string"}]}}}},"connectionReferences":{},"flowFailureAlertSubscribed":false,"isManaged":false}}